ID,x,y,z,x_vel,y_vel,z_vel,x_acc,y_acc,z_acc,mass
1000000, <- Particle Number
1, <- Particle size
0,35.74325161,44.5858982817,99.4237624866,0,0,0,0,0,0,0
1,66.1324711746,23.9977119232,87.2617567901,0,0,0,0,0,0,0
2,60.7111467633,42.4934781083,56.0909615295,0,0,0,0,0,0,0
3,73.0121254262,76.933452477,38.9104479461,0,0,0,0,0,0,0
4,2.13929073006,76.4611610937,20.5632853482,0,0,0,0,0,0,0
5,63.7520856155,71.4307389661,15.6761200082,0,0,0,0,0,0,0
6,94.9824489646,46.6373889574,52.6481540915,0,0,0,0,0,0,0
7,11.3235282551,1.00868482566,70.0746707197,0,0,0,0,0,0,0
8,36.2950802683,31.9063328543,94.8670165392,0,0,0,0,0,0,0
9,72.1544033457,32.2027213868,5.708225968,0,0,0,0,0,0,0
10,9.23865492831,94.2714204125,81.6039482869,0,0,0,0,0,0,0
11,64.8791975221,22.6534117992,53.3028414997,0,0,0,0,0,0,0
12,90.3792511346,79.7132199587,69.7479312519,0,0,0,0,0,0,0
13,89.6476028422,38.0223456436,13.789205602,0,0,0,0,0,0,0
14,72.9893840665,24.070723878,39.2293954105,0,0,0,0,0,0,0
15,61.9650163754,23.3557662931,56.3263049636,0,0,0,0,0,0,0
16,32.2295980351,73.1905370652,5.68570508509,0,0,0,0,0,0,0
17,58.2163616588,0.51635294115,87.2403463166,0,0,0,0,0,0,0
18,22.3758373839,46.301006702,42.6260705633,0,0,0,0,0,0,0
19,32.7819194376,53.7257381727,78.9815251832,0,0,0,0,0,0,0
20,19.0183070855,66.8675667574,50.8119087237,0,0,0,0,0,0,0
21,47.1369449578,88.768765863,9.33121694043,0,0,0,0,0,0,0
22,57.0090393294,77.2768524563,82.9625636761,0,0,0,0,0,0,0
23,21.110475321,58.8531122697,40.5890485328,0,0,0,0,0,0,0
24,31.8748044082,35.5682833808,57.1346349213,0,0,0,0,0,0,0
25,35.9523274657,98.9863473627,20.4512363785,0,0,0,0,0,0,0
26,91.7868025981,8.42030754226,40.1585422326,0,0,0,0,0,0,0
27,30.6034474834,65.11970801,67.8583159045,0,0,0,0,0,0,0
28,80.2115832143,24.9565538742,13.1530176176,0,0,0,0,0,0,0
29,10.6690964729,74.2115748498,39.1640871834,0,0,0,0,0,0,0
30,8.87715394546,59.6272876072,85.3709868919,0,0,0,0,0,0,0
31,44.0805487817,20.5380495918,44.6900875028,0,0,0,0,0,0,0
32,66.0485805009,88.7666336901,6.82326231082,0,0,0,0,0,0,0
33,88.0052413523,44.1799287121,64.5773497221,0,0,0,0,0,0,0
34,25.2742312803,42.0069910504,38.1389719687,0,0,0,0,0,0,0
35,56.7581277807,83.253096087,48.6241561155,0,0,0,0,0,0,0
36,87.3653855604,71.9647882481,81.455550434,0,0,0,0,0,0,0
37,14.7219025539,77.2191154306,97.6951477188,0,0,0,0,0,0,0
38,44.4203576889,72.1842611771,89.1075489488,0,0,0,0,0,0,0
39,21.6208099336,55.946178209,55.3931180704,0,0,0,0,0,0,0
40,24.1626811581,58.9585436784,38.8251133923,0,0,0,0,0,0,0
41,99.3113987297,9.68508160966,33.6063727065,0,0,0,0,0,0,0
42,86.9200062076,29.9623642668,53.9152558828,0,0,0,0,0,0,0
43,7.85841371856,29.9259351527,62.4664723696,0,0,0,0,0,0,0
44,65.8430705689,53.7991429983,41.7763800427,0,0,0,0,0,0,0
45,73.456996906,87.1152532192,21.3757964918,0,0,0,0,0,0,0
46,79.8898873786,16.7559888463,4.9423782797,0,0,0,0,0,0,0
47,77.1055924227,70.5264894912,84.812760644,0,0,0,0,0,0,0
48,8.60882066573,25.6673937017,15.4550494126,0,0,0,0,0,0,0
49,61.0557412299,4.15301070761,8.94928793553,0,0,0,0,0,0,0
50,34.903032224,98.7336981855,23.4441774815,0,0,0,0,0,0,0
51,94.5187414892,94.5904144763,45.426261323,0,0,0,0,0,0,0
52,42.519798778,59.8423721235,13.9827663107,0,0,0,0,0,0,0
53,20.2574184524,45.0586329264,86.3286003688,0,0,0,0,0,0,0
54,4.1440263763,67.3828402486,22.0584133027,0,0,0,0,0,0,0
55,8.01473911636,87.6321490617,53.3602904355,0,0,0,0,0,0,0
56,78.8067750195,58.7843901659,2.22633496852,0,0,0,0,0,0,0
57,21.1143667923,71.1692492872,17.5305344654,0,0,0,0,0,0,0
58,13.1051943246,59.8768900975,44.7024628237,0,0,0,0,0,0,0
59,33.7356028896,32.2923197294,84.9762014705,0,0,0,0,0,0,0
60,74.3145341128,45.0419459209,22.7374618903,0,0,0,0,0,0,0
61,30.207265709,29.3909209023,96.7508561709,0,0,0,0,0,0,0
62,63.4910918374,35.9542306299,15.3911222366,0,0,0,0,0,0,0
63,82.8858511436,3.14299715239,14.9422102273,0,0,0,0,0,0,0
64,91.4725791003,62.6064760863,93.451322098,0,0,0,0,0,0,0
65,40.646420437,49.0231580616,24.3356841884,0,0,0,0,0,0,0
66,7.65173116373,25.3218182875,52.1738922207,0,0,0,0,0,0,0
67,40.5512187846,79.8258284421,5.9697380471,0,0,0,0,0,0,0
68,97.808095394,24.62441552,95.7413803506,0,0,0,0,0,0,0
69,55.6363009919,38.4554150255,17.4343709172,0,0,0,0,0,0,0
70,95.9813489939,83.8313352077,84.5051388559,0,0,0,0,0,0,0
71,73.3470376453,34.9003606079,60.1007062927,0,0,0,0,0,0,0
72,31.5204091748,91.4889391453,94.8232122145,0,0,0,0,0,0,0
73,82.0039037129,55.7426768447,57.632077097,0,0,0,0,0,0,0
74,58.7954315187,21.5223454501,27.4543997134,0,0,0,0,0,0,0
75,44.0615201876,4.92706863562,34.3880698303,0,0,0,0,0,0,0
76,40.8724346514,48.8062024051,87.7019930332,0,0,0,0,0,0,0
77,91.9782692653,62.2088619248,24.948565756,0,0,0,0,0,0,0
78,36.4037805809,82.2906938599,11.5059121822,0,0,0,0,0,0,0
79,18.8540141713,19.9737541295,42.606683667,0,0,0,0,0,0,0
80,15.9094146577,52.0523640262,57.8864211634,0,0,0,0,0,0,0
81,22.9536850499,54.5869357118,97.460403431,0,0,0,0,0,0,0
82,97.1170959759,93.7248350494,13.8812616617,0,0,0,0,0,0,0
83,30.9906214193,57.2643792417,22.2699357189,0,0,0,0,0,0,0
84,89.0606881467,87.0928804983,45.9447462805,0,0,0,0,0,0,0
85,2.92448973177,73.8587609892,91.4935892254,0,0,0,0,0,0,0
86,91.3740670871,30.9866990628,35.3721392868,0,0,0,0,0,0,0
87,64.677123027,12.3430889951,0.996797908956,0,0,0,0,0,0,0
88,43.9541036948,9.76662656474,81.6963397736,0,0,0,0,0,0,0
89,62.3263275304,73.2571349016,23.3181118816,0,0,0,0,0,0,0
90,20.8125103526,48.262064879,13.1781924572,0,0,0,0,0,0,0
91,5.51661412537,31.90712882,75.4729852025,0,0,0,0,0,0,0
92,64.2384077498,15.1056156518,20.6055992389,0,0,0,0,0,0,0
93,99.5596893552,48.6014160584,97.8409351201,0,0,0,0,0,0,0
94,55.9864497332,98.0667359861,15.4567147642,0,0,0,0,0,0,0
95,69.3537969009,54.3726945611,97.7326369131,0,0,0,0,0,0,0
96,13.4017390329,31.1447157562,66.7651230458,0,0,0,0,0,0,0
97,80.8168364808,8.92941041861,33.7799437064,0,0,0,0,0,0,0
98,89.2396941994,54.4755132619,13.4663450133,0,0,0,0,0,0,0
99,62.4532942728,20.7734926056,43.9728365016,0,0,0,0,0,0,0
100,42.7843903499,69.8517620595,94.5739880054,0,0,0,0,0,0,0
101,76.9053867718,57.8762613045,54.7419458135,0,0,0,0,0,0,0
102,87.2952896219,55.2009118842,15.3030530724,0,0,0,0,0,0,0
103,3.62610318732,48.4688985429,13.553559211,0,0,0,0,0,0,0
104,79.6259766839,10.6791475893,5.30353156253,0,0,0,0,0,0,0
105,23.3800631724,20.0597014508,78.1882973587,0,0,0,0,0,0,0
106,2.73406380047,53.0122968009,89.3271096597,0,0,0,0,0,0,0
107,61.72912505,13.85983223,0.701860067357,0,0,0,0,0,0,0
108,51.5383203632,25.2988277584,63.4966838066,0,0,0,0,0,0,0
109,32.0529083327,50.0733110336,67.7998297952,0,0,0,0,0,0,0
110,87.9417350574,73.0012980691,64.2676012082,0,0,0,0,0,0,0
111,6.74537904867,84.0684084992,89.6311831636,0,0,0,0,0,0,0
112,54.5818151347,19.1258989349,97.5831729356,0,0,0,0,0,0,0
113,39.6659182538,43.0024457189,9.06990844873,0,0,0,0,0,0,0
114,6.78217642671,71.6731360916,50.5038133447,0,0,0,0,0,0,0
115,60.0927138035,15.8709423745,13.0115176181,0,0,0,0,0,0,0
116,46.1759538732,47.2611771831,61.8041141519,0,0,0,0,0,0,0
117,6.96070386205,41.4843413564,43.8841594159,0,0,0,0,0,0,0
118,10.4374626861,27.2410243599,75.3820687512,0,0,0,0,0,0,0
119,74.7388872069,54.662746736,50.6532546404,0,0,0,0,0,0,0
120,5.55026063196,78.1198289143,23.6510228548,0,0,0,0,0,0,0
121,7.16811969351,86.7294090215,48.484446864,0,0,0,0,0,0,0
122,56.2547264564,31.130911817,8.34471198691,0,0,0,0,0,0,0
123,15.3123118594,42.0624728411,87.3434186559,0,0,0,0,0,0,0
124,74.8709055679,17.011761071,45.5474268249,0,0,0,0,0,0,0
125,50.0207740182,15.2072180217,28.7349978363,0,0,0,0,0,0,0
126,44.528903654,67.7166426508,11.6878605711,0,0,0,0,0,0,0
127,75.6230614606,57.1883235533,97.9885752078,0,0,0,0,0,0,0
128,40.151925567,90.7561845433,66.4401631668,0,0,0,0,0,0,0
129,66.3181288348,57.2119806296,2.4961978204,0,0,0,0,0,0,0
130,3.35702136566,46.4747655258,77.5167948401,0,0,0,0,0,0,0
131,18.7201019562,72.8115413515,24.4993564922,0,0,0,0,0,0,0
132,32.6801034224,30.3258643504,25.4875463478,0,0,0,0,0,0,0
133,78.439821268,78.8234307936,95.0814509568,0,0,0,0,0,0,0
134,66.4982592828,31.3517831604,56.0861237792,0,0,0,0,0,0,0
135,89.9133487615,84.1693643564,5.0246446069,0,0,0,0,0,0,0
136,69.7419881293,72.8217781805,8.32427193625,0,0,0,0,0,0,0
137,40.1237949155,90.3906271733,81.9064233776,0,0,0,0,0,0,0
138,75.7667307674,41.1809032093,34.7077889912,0,0,0,0,0,0,0
139,3.09984623066,13.8090650664,73.4129536678,0,0,0,0,0,0,0
140,96.5544387938,91.1394560583,39.2648547394,0,0,0,0,0,0,0
141,26.9363426886,13.7013985947,20.9842376382,0,0,0,0,0,0,0
142,78.0447689658,19.2261492275,45.7031911849,0,0,0,0,0,0,0
143,60.526062539,21.5903919259,31.3204325133,0,0,0,0,0,0,0
144,90.0849678647,48.8271714035,77.7601895313,0,0,0,0,0,0,0
145,26.1000186751,10.5757862179,30.5235266173,0,0,0,0,0,0,0
146,80.9553937127,42.8346822109,23.2136261687,0,0,0,0,0,0,0
147,11.8077890555,9.14167922015,67.9190709302,0,0,0,0,0,0,0
148,5.63206552571,93.2192737989,68.8326955406,0,0,0,0,0,0,0
149,50.6593157405,65.1472716346,19.9460089875,0,0,0,0,0,0,0
150,74.8540791491,6.53958036889,88.1563471003,0,0,0,0,0,0,0
151,18.3694502363,20.5016109249,59.2072822198,0,0,0,0,0,0,0
152,6.36250076991,85.2562478126,36.672457694,0,0,0,0,0,0,0
153,63.8517711176,78.491057527,33.5549739229,0,0,0,0,0,0,0
154,22.501710615,20.2416984712,47.4872093788,0,0,0,0,0,0,0
155,60.1810027696,93.3620879403,85.5536561689,0,0,0,0,0,0,0
156,94.7615881411,18.7845528407,81.3425003842,0,0,0,0,0,0,0
157,49.7554498194,3.29158762045,86.6974925402,0,0,0,0,0,0,0
158,98.0992756247,71.1672344924,98.3173157791,0,0,0,0,0,0,0
159,55.2690871713,33.1805928816,9.07251333007,0,0,0,0,0,0,0
160,46.8550447811,85.2687907488,75.449404549,0,0,0,0,0,0,0
161,74.3332996918,62.0216690932,49.6420392793,0,0,0,0,0,0,0
162,40.263737141,85.1927070527,24.7617535592,0,0,0,0,0,0,0
163,41.7366470378,39.9581529169,5.31618149778,0,0,0,0,0,0,0
164,91.4916638347,24.8835528257,70.9453965167,0,0,0,0,0,0,0
165,54.6873365956,68.4629539031,85.7783268177,0,0,0,0,0,0,0
166,20.0123324031,12.1340590489,23.1555371526,0,0,0,0,0,0,0
167,14.0904547169,15.4680552569,41.6156463215,0,0,0,0,0,0,0
168,86.6036170374,99.8692734707,50.9444258358,0,0,0,0,0,0,0
169,34.6535654976,15.4469549681,38.52981078,0,0,0,0,0,0,0
170,83.3471040371,9.19800494851,11.843549776,0,0,0,0,0,0,0
171,47.7763639071,63.5296042652,81.0308650551,0,0,0,0,0,0,0
172,97.4022065787,78.3935314694,64.1450165314,0,0,0,0,0,0,0
173,15.7773212898,88.9734922544,22.2532442025,0,0,0,0,0,0,0
174,19.0220049776,46.6617161593,21.9131802659,0,0,0,0,0,0,0
175,37.252981303,93.0470318589,39.3493777285,0,0,0,0,0,0,0
176,38.4793506364,15.8408466374,81.610343617,0,0,0,0,0,0,0
177,34.208148189,37.6327004684,5.95096807732,0,0,0,0,0,0,0
178,41.7938267066,50.8999523556,30.26330664,0,0,0,0,0,0,0
179,3.37782456185,87.0047612224,79.088316416,0,0,0,0,0,0,0
180,8.02449662383,69.4762497868,15.9943689279,0,0,0,0,0,0,0
181,54.1214548316,54.2865146441,94.4992545768,0,0,0,0,0,0,0
182,58.3826405005,64.1875900531,3.47670347338,0,0,0,0,0,0,0
183,81.0985716183,40.9989933987,17.5386822689,0,0,0,0,0,0,0
184,29.6059262499,62.399914107,46.2746272216,0,0,0,0,0,0,0
185,17.2596288832,11.9384266517,13.09326409,0,0,0,0,0,0,0
186,34.4183070552,95.157722849,92.5275753366,0,0,0,0,0,0,0
187,94.2163435478,25.6451469559,80.6928613428,0,0,0,0,0,0,0
188,54.032918854,81.9714795521,44.6026150123,0,0,0,0,0,0,0
189,94.0240344324,48.2433178728,86.1828075955,0,0,0,0,0,0,0
190,80.95173325,25.9882554369,45.2744724845,0,0,0,0,0,0,0
191,76.0026513532,17.204120603,13.2655291167,0,0,0,0,0,0,0
192,87.8362713336,59.0223247044,19.312167365,0,0,0,0,0,0,0
193,49.2391043881,64.4893087185,19.5419627406,0,0,0,0,0,0,0
194,24.2427664272,92.5259171521,21.5853349604,0,0,0,0,0,0,0
195,6.38124095056,20.056854325,10.0871387413,0,0,0,0,0,0,0
196,30.5067917799,94.6603355369,89.3716370918,0,0,0,0,0,0,0
197,88.6753105986,21.9257101329,32.2224089573,0,0,0,0,0,0,0
198,99.1292354163,16.2121741726,82.0023755506,0,0,0,0,0,0,0
199,49.2134748328,51.8030815381,91.2416081941,0,0,0,0,0,0,0
200,66.2165632504,47.4853245129,2.86762155391,0,0,0,0,0,0,0
201,85.9257518306,97.9850249462,77.2554200973,0,0,0,0,0,0,0
202,19.1313608131,12.7536324352,95.2530417815,0,0,0,0,0,0,0
203,29.1085320939,75.8121975529,19.7995592405,0,0,0,0,0,0,0
204,75.817610202,95.0555213616,49.4886791827,0,0,0,0,0,0,0
205,6.10515603816,36.4934177913,68.2882757284,0,0,0,0,0,0,0
206,49.201416277,3.10305050092,45.3039282906,0,0,0,0,0,0,0
207,23.9771775759,52.2204324821,52.061695962,0,0,0,0,0,0,0
208,46.4541002636,36.3168197839,97.4600273873,0,0,0,0,0,0,0
209,9.94959681035,43.8088830284,36.0115665553,0,0,0,0,0,0,0
210,86.9845051238,92.0660042167,36.8758902885,0,0,0,0,0,0,0
211,23.5535952827,44.9493336122,98.967416532,0,0,0,0,0,0,0
212,87.791849446,58.0986525924,1.66273984677,0,0,0,0,0,0,0
213,66.1350928831,9.54351312044,42.230551368,0,0,0,0,0,0,0
214,79.0820720746,29.4262293957,46.542561743,0,0,0,0,0,0,0
215,42.295663386,75.6353468609,30.2644106238,0,0,0,0,0,0,0
216,19.6355087362,68.6587891131,88.8857527339,0,0,0,0,0,0,0
217,66.6533112302,27.8287257929,18.0978824581,0,0,0,0,0,0,0
218,68.112672979,64.4551260141,2.81897972369,0,0,0,0,0,0,0
219,14.2835752286,35.8689272932,88.7332104011,0,0,0,0,0,0,0
220,27.4158701644,63.6928171386,40.5924262489,0,0,0,0,0,0,0
221,47.4660920407,38.2522777876,87.6414228531,0,0,0,0,0,0,0
222,62.3339973822,64.5748044293,9.45597803648,0,0,0,0,0,0,0
223,11.5342398486,7.04429958751,51.4446557039,0,0,0,0,0,0,0
224,48.5143426781,68.5584954318,20.1924779697,0,0,0,0,0,0,0
225,45.5696560235,90.7070763707,68.6933168593,0,0,0,0,0,0,0
226,32.0944956281,42.0059922122,31.4413705228,0,0,0,0,0,0,0
227,48.5375257882,85.6672247074,36.5818349999,0,0,0,0,0,0,0
228,59.4495722003,29.5927057277,66.3494789097,0,0,0,0,0,0,0
229,11.5555540977,41.6752335052,76.770956494,0,0,0,0,0,0,0
230,90.9292813689,52.5556483519,35.8916659128,0,0,0,0,0,0,0
231,55.6742218004,50.9279576611,51.4093720383,0,0,0,0,0,0,0
232,42.837336293,4.00980413762,33.5584336223,0,0,0,0,0,0,0
233,70.9700386248,89.8329283667,57.7878619498,0,0,0,0,0,0,0
234,75.8666657982,78.3903661724,55.0772361636,0,0,0,0,0,0,0
235,74.2182281281,18.4931627351,28.4267379431,0,0,0,0,0,0,0
236,65.7226383234,8.86664714045,45.9364445373,0,0,0,0,0,0,0
237,75.2565161161,19.8135436735,53.5204471003,0,0,0,0,0,0,0
238,60.869975953,78.7216331359,81.3917046436,0,0,0,0,0,0,0
239,70.6832490746,38.6647652996,28.1066819791,0,0,0,0,0,0,0
240,58.4737149568,26.8548533327,19.281863402,0,0,0,0,0,0,0
241,87.1403188109,25.9251949155,73.1969134197,0,0,0,0,0,0,0
242,43.9754905768,76.9694077418,83.2851228308,0,0,0,0,0,0,0
243,17.9832748702,96.6862591501,36.5100950339,0,0,0,0,0,0,0
244,74.3998013533,31.4108895591,90.6249203932,0,0,0,0,0,0,0
245,93.5018655031,83.488558328,43.3040404837,0,0,0,0,0,0,0
246,37.6373245491,63.8631690606,22.4111972695,0,0,0,0,0,0,0
247,63.234183164,93.867490136,69.6232697831,0,0,0,0,0,0,0
248,92.3041986166,91.1018794062,0.639694991235,0,0,0,0,0,0,0
249,44.8903355494,4.87056919285,83.5923809759,0,0,0,0,0,0,0
250,29.024328028,8.51774440915,13.3320535001,0,0,0,0,0,0,0
251,8.70206406883,45.4570876716,55.1477145894,0,0,0,0,0,0,0
252,78.8211132794,44.2710332104,53.751619879,0,0,0,0,0,0,0
253,51.9868855096,52.1435270034,49.698191623,0,0,0,0,0,0,0
254,34.9253265297,88.1349718282,7.40098603969,0,0,0,0,0,0,0
255,9.91979724504,32.8805380562,61.024377082,0,0,0,0,0,0,0
256,71.5632532579,66.8065351978,58.8650628047,0,0,0,0,0,0,0
257,52.8958584706,37.2496426307,15.1696730133,0,0,0,0,0,0,0
258,6.45533584739,54.7657630104,78.3832384479,0,0,0,0,0,0,0
259,71.2887103274,39.3768990763,44.2903791797,0,0,0,0,0,0,0
260,60.4395970155,46.451042484,93.0600060688,0,0,0,0,0,0,0
261,92.9976050316,62.2015382417,95.6644462909,0,0,0,0,0,0,0
262,70.4254849424,41.6072635891,98.3992183822,0,0,0,0,0,0,0
263,70.453780559,44.2931807246,40.8672840468,0,0,0,0,0,0,0
264,91.0242138501,51.8716892232,75.9333507661,0,0,0,0,0,0,0
265,85.7312194493,79.7136396238,31.2234538522,0,0,0,0,0,0,0
266,67.2229384453,14.8209250977,26.4642059824,0,0,0,0,0,0,0
267,36.771341363,83.430998026,98.5271851336,0,0,0,0,0,0,0
268,28.6580517752,73.2186678864,51.4549551505,0,0,0,0,0,0,0
269,28.7813288384,40.7912924275,40.0920871683,0,0,0,0,0,0,0
270,7.72375251538,13.3729688872,21.716085012,0,0,0,0,0,0,0
271,56.0767999668,13.8082022551,1.05968505377,0,0,0,0,0,0,0
272,14.7153395177,77.3335438864,13.0732788748,0,0,0,0,0,0,0
273,15.1467846276,34.5099324301,61.2448885568,0,0,0,0,0,0,0
274,82.3143822885,81.1842682198,57.2029726345,0,0,0,0,0,0,0
275,98.2559464582,11.457675695,55.2685034504,0,0,0,0,0,0,0
276,68.2069985224,7.71986611792,63.4322976423,0,0,0,0,0,0,0
277,75.2288330249,14.4853250693,18.9658688383,0,0,0,0,0,0,0
278,81.1857398725,15.8221709437,16.199765549,0,0,0,0,0,0,0
279,71.3237912739,4.43680515138,55.5375793745,0,0,0,0,0,0,0
280,16.501188971,78.47753308,61.286832456,0,0,0,0,0,0,0
281,93.8831896509,47.5355464969,15.5383680854,0,0,0,0,0,0,0
282,24.5107905356,25.5628568086,88.4340031146,0,0,0,0,0,0,0
283,71.5418589875,4.42717757083,32.8551145539,0,0,0,0,0,0,0
284,75.4796905273,90.1340015001,46.9774562381,0,0,0,0,0,0,0
285,96.8302484156,98.4594940181,21.9438814904,0,0,0,0,0,0,0
286,32.6801523118,91.8670159104,95.5794743272,0,0,0,0,0,0,0
287,89.7120130386,54.2071024448,58.496861257,0,0,0,0,0,0,0
288,81.3435169037,6.94344265433,78.5997814254,0,0,0,0,0,0,0
289,2.23120331263,65.8750592842,13.0655931737,0,0,0,0,0,0,0
290,14.2565881568,57.6486078771,51.1967207579,0,0,0,0,0,0,0
291,24.0580611167,84.9679147601,54.8955905058,0,0,0,0,0,0,0
292,57.2162142348,69.8728706423,45.884297057,0,0,0,0,0,0,0
293,86.4615636377,66.6597002658,68.188347489,0,0,0,0,0,0,0
294,83.5587094318,59.0737919277,70.2220848666,0,0,0,0,0,0,0
295,87.7134695838,41.0901368182,91.2605809167,0,0,0,0,0,0,0
296,83.302019536,90.9484820975,73.4013137915,0,0,0,0,0,0,0
297,99.958451126,36.0118101049,90.1161403831,0,0,0,0,0,0,0
298,68.2727381289,99.8179291213,75.6781517326,0,0,0,0,0,0,0
299,2.15560880754,15.2829335601,43.076867937,0,0,0,0,0,0,0
300,35.0554039625,70.7209066417,71.1398284525,0,0,0,0,0,0,0
301,52.9553764096,1.06414775523,63.2011609526,0,0,0,0,0,0,0
302,63.6833016862,90.3063794887,56.793279757,0,0,0,0,0,0,0
303,13.8473796149,5.84308787381,30.1838826631,0,0,0,0,0,0,0
304,69.7164208739,26.8896219327,39.4677577549,0,0,0,0,0,0,0
305,63.3989111864,49.0091562046,20.6265877304,0,0,0,0,0,0,0
306,16.7310792281,54.8183980806,78.5281219823,0,0,0,0,0,0,0
307,86.676620145,68.5810054691,91.5917224982,0,0,0,0,0,0,0
308,0.547491841619,86.6720325806,20.3215956076,0,0,0,0,0,0,0
309,45.8262706715,28.9482348359,34.8731149601,0,0,0,0,0,0,0
310,80.4895948801,48.5955604996,38.3915302713,0,0,0,0,0,0,0
311,19.3283492094,98.959514476,47.5481842313,0,0,0,0,0,0,0
312,14.5880246741,28.8780894578,12.8191584896,0,0,0,0,0,0,0
313,21.3894041222,11.1024006905,82.9221615741,0,0,0,0,0,0,0
314,11.8170666412,46.6898902934,7.51411624543,0,0,0,0,0,0,0
315,79.2239718057,97.4828878161,69.7578881926,0,0,0,0,0,0,0
316,45.5562393899,97.167196484,74.3508118707,0,0,0,0,0,0,0
317,26.2497487991,7.88109205481,12.498635094,0,0,0,0,0,0,0
318,58.4735020537,1.17505893958,77.0333835562,0,0,0,0,0,0,0
319,22.0080655347,36.9327291439,61.0204532962,0,0,0,0,0,0,0
320,58.8681523328,0.451798281311,52.2365056713,0,0,0,0,0,0,0
321,77.2186964164,91.8884977352,38.277446589,0,0,0,0,0,0,0
322,51.5642797263,69.9257534584,77.9326689845,0,0,0,0,0,0,0
323,6.8145832477,16.3061768953,77.999118844,0,0,0,0,0,0,0
324,55.8316388466,92.040463356,11.1221194837,0,0,0,0,0,0,0
325,76.8827430635,69.6798643657,79.5544324141,0,0,0,0,0,0,0
326,98.8642448948,67.9061813055,28.4345145031,0,0,0,0,0,0,0
327,90.2269129582,63.2638838214,24.2802138752,0,0,0,0,0,0,0
328,67.4888534108,13.7202792773,76.7471950991,0,0,0,0,0,0,0
329,89.8321950573,9.67263398388,94.1388546197,0,0,0,0,0,0,0
330,53.2562325548,86.6223301832,3.16103927812,0,0,0,0,0,0,0
331,56.5787261136,89.8055876956,44.7765708794,0,0,0,0,0,0,0
332,43.995379755,76.0291032145,36.1226774507,0,0,0,0,0,0,0
333,83.4805933007,97.0899271068,53.4675206146,0,0,0,0,0,0,0
334,34.4250102781,58.2981983493,66.4078636276,0,0,0,0,0,0,0
335,61.7097545138,0.221049911417,11.3314050285,0,0,0,0,0,0,0
336,36.4358139424,40.9316959568,12.317700714,0,0,0,0,0,0,0
337,26.624101562,9.8562715689,46.5411067326,0,0,0,0,0,0,0
338,36.6989307999,26.5385057322,11.6469029959,0,0,0,0,0,0,0
339,67.5462810779,14.100092659,88.5988619237,0,0,0,0,0,0,0
340,83.5199996104,8.85497886105,33.5676942026,0,0,0,0,0,0,0
341,76.0433315223,63.4900200388,85.8950761099,0,0,0,0,0,0,0
342,84.2671063412,38.1723681591,52.7926044127,0,0,0,0,0,0,0
343,69.9658349221,8.0150822622,22.9080766573,0,0,0,0,0,0,0
344,99.6686870752,91.8596042021,70.072523783,0,0,0,0,0,0,0
345,57.3467497779,62.4357509703,36.6021521674,0,0,0,0,0,0,0
346,85.4449961872,40.7926163885,74.1830790179,0,0,0,0,0,0,0
347,20.5252759211,6.84327830119,98.7480348818,0,0,0,0,0,0,0
348,85.928506778,38.6941187129,23.6249508563,0,0,0,0,0,0,0
349,80.6179340695,48.092687376,80.3463559622,0,0,0,0,0,0,0
350,84.1761030572,16.7864021947,44.2274818706,0,0,0,0,0,0,0
351,46.483876984,68.2999457725,72.8636012072,0,0,0,0,0,0,0
352,90.2178288471,95.7683943465,48.0181114296,0,0,0,0,0,0,0
353,38.9948053769,92.766037284,40.0527837092,0,0,0,0,0,0,0
354,88.6261547444,74.0406840886,70.7008492529,0,0,0,0,0,0,0
355,94.3424343709,85.2890252239,62.5047246984,0,0,0,0,0,0,0
356,58.8916848642,84.3275497793,54.3534801804,0,0,0,0,0,0,0
357,60.4715461051,9.58684921192,44.0859872939,0,0,0,0,0,0,0
358,37.4159447202,59.866834212,5.77422573039,0,0,0,0,0,0,0
359,67.1001151012,76.251633719,38.3141499688,0,0,0,0,0,0,0
360,96.3238165177,97.4670406706,5.95805098355,0,0,0,0,0,0,0
361,35.0652872199,3.90667630417,53.3799616224,0,0,0,0,0,0,0
362,41.649847557,24.6624044258,63.2009761484,0,0,0,0,0,0,0
363,55.3548175,8.90566729491,52.6610262217,0,0,0,0,0,0,0
364,63.2274611224,63.5876507128,66.1066298006,0,0,0,0,0,0,0
365,70.5432427663,49.6221699442,9.74146334878,0,0,0,0,0,0,0
366,67.283021098,74.1494359005,49.8412565506,0,0,0,0,0,0,0
367,26.9037844343,33.7372016173,47.5859198183,0,0,0,0,0,0,0
368,35.6043480544,21.1380987505,51.1660707586,0,0,0,0,0,0,0
369,21.4635423735,18.700926423,57.2259009307,0,0,0,0,0,0,0
370,50.0278457946,18.9215842843,17.3949424043,0,0,0,0,0,0,0
371,96.1319351233,23.6036627755,95.8877007064,0,0,0,0,0,0,0
372,80.035809015,14.3658400709,46.5237558347,0,0,0,0,0,0,0
373,58.289715364,45.9744431503,44.8308122521,0,0,0,0,0,0,0
374,4.74180157057,33.2249733674,24.4200876635,0,0,0,0,0,0,0
375,19.3081298305,48.4346020625,14.1767118129,0,0,0,0,0,0,0
376,50.6175926304,40.3651346454,69.1702570954,0,0,0,0,0,0,0
377,90.8986905642,67.7347589873,5.73731294986,0,0,0,0,0,0,0
378,62.9416368577,8.75943891032,31.2377466786,0,0,0,0,0,0,0
379,39.9726151093,61.4390138434,64.5632150541,0,0,0,0,0,0,0
380,28.1881212206,34.8283335813,26.7552036954,0,0,0,0,0,0,0
381,32.7449887265,40.5269109748,38.8583650853,0,0,0,0,0,0,0
382,95.8767622326,63.4933468094,71.5102461841,0,0,0,0,0,0,0
383,42.4446551643,95.544949486,32.0693766196,0,0,0,0,0,0,0
384,66.2558836617,50.4620051906,59.1632544654,0,0,0,0,0,0,0
385,27.760630234,19.6566032091,18.1493202967,0,0,0,0,0,0,0
386,27.0450130044,81.2483165037,14.2038385098,0,0,0,0,0,0,0
387,78.8545390965,20.4660658394,64.3953942186,0,0,0,0,0,0,0
388,17.0664185171,32.2791943285,22.0025184388,0,0,0,0,0,0,0
389,43.4315086267,94.4673148173,21.4814401885,0,0,0,0,0,0,0
390,86.5797644302,9.22237007106,68.949588374,0,0,0,0,0,0,0
391,60.6875801534,65.285141763,47.3370523296,0,0,0,0,0,0,0
392,17.1155324334,14.5298864624,67.8045394552,0,0,0,0,0,0,0
393,7.3838025165,0.955094386649,97.4769084353,0,0,0,0,0,0,0
394,26.2178511144,43.4873394494,3.11055948937,0,0,0,0,0,0,0
395,3.81860352946,17.9620019829,55.5835875346,0,0,0,0,0,0,0
396,60.6842608292,79.6853903272,30.6690294408,0,0,0,0,0,0,0
397,12.5970048558,98.345329913,92.704944543,0,0,0,0,0,0,0
398,21.4872181718,44.1197715811,7.27205428381,0,0,0,0,0,0,0
399,86.6808172119,88.2202052583,64.2220905644,0,0,0,0,0,0,0
400,3.80729522052,50.7657410954,93.3979473406,0,0,0,0,0,0,0
401,5.62627244931,85.9207961735,56.8639028909,0,0,0,0,0,0,0
402,64.3478400391,20.5593231724,23.2458437145,0,0,0,0,0,0,0
403,46.692971794,36.3284846822,20.4080937122,0,0,0,0,0,0,0
404,85.7237058798,92.8053879929,70.3239259264,0,0,0,0,0,0,0
405,79.3345690254,42.9385309553,73.544317204,0,0,0,0,0,0,0
406,84.6998762091,65.1117889189,59.7485763677,0,0,0,0,0,0,0
407,98.1434042013,88.5641738809,36.3402516834,0,0,0,0,0,0,0
408,96.3185237887,99.5002530031,77.5207675063,0,0,0,0,0,0,0
409,89.0847593164,13.459871947,96.9059133366,0,0,0,0,0,0,0
410,32.7364342756,17.8186444229,69.9247865564,0,0,0,0,0,0,0
411,50.1265779395,55.9988095678,46.7733418519,0,0,0,0,0,0,0
412,77.6969853249,44.7397439654,14.6611147047,0,0,0,0,0,0,0
413,45.5741464635,89.9220963533,49.223234463,0,0,0,0,0,0,0
414,12.176322999,31.2888168495,22.5847353741,0,0,0,0,0,0,0
415,34.0803649607,83.331529778,62.6445456496,0,0,0,0,0,0,0
416,58.1596245938,20.7945106701,16.5506317448,0,0,0,0,0,0,0
417,61.1513654412,20.3924323507,34.1177147809,0,0,0,0,0,0,0
418,23.33474204,4.7350428793,40.1484129454,0,0,0,0,0,0,0
419,87.8285088187,70.3708235669,56.9993701275,0,0,0,0,0,0,0
420,59.5317022752,5.60146479661,37.4082606526,0,0,0,0,0,0,0
421,78.8935365311,22.0277601322,69.2569090254,0,0,0,0,0,0,0
422,82.4998252851,0.929182543284,29.4629172177,0,0,0,0,0,0,0
423,55.1534902778,53.7746801613,83.5290564114,0,0,0,0,0,0,0
424,75.9585044533,58.1053643652,45.8173391324,0,0,0,0,0,0,0
425,54.3920298309,82.4332393455,71.0101491583,0,0,0,0,0,0,0
426,80.5858692614,18.921601068,9.29910739585,0,0,0,0,0,0,0
427,97.9973255496,81.5001929456,78.5375785321,0,0,0,0,0,0,0
428,36.645232748,36.3660126402,75.0089107603,0,0,0,0,0,0,0
429,77.4378175073,21.6564254663,24.9296330078,0,0,0,0,0,0,0
430,48.7190312221,21.5586681203,42.7134312396,0,0,0,0,0,0,0
431,71.5392697172,49.4531053893,49.9624946091,0,0,0,0,0,0,0
432,1.24560050087,35.5449069725,19.2000918118,0,0,0,0,0,0,0
433,93.7492488897,32.7866165873,95.8379234142,0,0,0,0,0,0,0
434,97.7898259972,65.0296373197,99.461026893,0,0,0,0,0,0,0
435,67.004689528,64.1055193389,44.662865154,0,0,0,0,0,0,0
436,54.6094825073,39.699204772,1.20234614298,0,0,0,0,0,0,0
437,32.1510789014,34.3979563289,6.58030063894,0,0,0,0,0,0,0
438,4.29788182098,33.610746972,70.0862533115,0,0,0,0,0,0,0
439,97.0466946894,99.1612151566,68.9065008865,0,0,0,0,0,0,0
440,30.2518515503,78.3093429106,49.5986312601,0,0,0,0,0,0,0
441,98.9600436898,23.7636811879,86.3200832717,0,0,0,0,0,0,0
442,73.2669695253,88.1981677582,30.5992592109,0,0,0,0,0,0,0
443,77.4971817128,46.2018663057,6.40641869606,0,0,0,0,0,0,0
444,26.6588286008,60.7734957814,46.8097787856,0,0,0,0,0,0,0
445,82.2691230273,0.674367181672,43.0301137645,0,0,0,0,0,0,0
446,42.6928031431,47.4629081316,58.4662122102,0,0,0,0,0,0,0
447,23.6270557577,35.4095416014,89.2862142512,0,0,0,0,0,0,0
448,53.9871620404,2.51220461584,24.9130627692,0,0,0,0,0,0,0
449,10.7567087721,52.3828855228,48.4621579283,0,0,0,0,0,0,0
450,22.250679741,64.6750831031,73.1653035167,0,0,0,0,0,0,0
451,51.1638302589,56.6919413302,86.6653970879,0,0,0,0,0,0,0
452,57.211063631,28.7436015126,86.1549689068,0,0,0,0,0,0,0
453,22.5776902958,78.0258299792,17.796278012,0,0,0,0,0,0,0
454,37.1159812691,2.46612633124,74.2009254046,0,0,0,0,0,0,0
455,52.0127949426,97.2288515004,73.4781668986,0,0,0,0,0,0,0
456,75.2133535524,52.2406463383,65.9656219326,0,0,0,0,0,0,0
457,55.1307547403,90.2115939621,1.20761315667,0,0,0,0,0,0,0
458,19.2447853909,1.12353598264,92.6429783164,0,0,0,0,0,0,0
459,24.6354249221,25.6272230121,63.8400474372,0,0,0,0,0,0,0
460,89.7904485102,36.6870876173,95.6375151914,0,0,0,0,0,0,0
461,74.0469440027,15.322916855,37.7293216767,0,0,0,0,0,0,0
462,81.9605884174,75.8061105942,98.2414953754,0,0,0,0,0,0,0
463,20.0242123447,72.2217829022,18.4621194243,0,0,0,0,0,0,0
464,2.97733707449,94.3433230122,45.591984902,0,0,0,0,0,0,0
465,81.5222662822,52.2618900332,26.7462381401,0,0,0,0,0,0,0
466,38.8019362927,89.8506388577,72.2234550055,0,0,0,0,0,0,0
467,86.4869150367,60.2019715616,64.3575507937,0,0,0,0,0,0,0
468,60.494204569,27.978053921,91.2812440041,0,0,0,0,0,0,0
469,77.1293830552,30.5571605477,80.6496782117,0,0,0,0,0,0,0
470,47.6133890974,21.2127644421,34.8109912527,0,0,0,0,0,0,0
471,99.3389714684,48.4180954299,26.3489570181,0,0,0,0,0,0,0
472,40.0483453705,20.6896606893,88.3755737188,0,0,0,0,0,0,0
473,46.9882045496,16.8763509593,82.4599941995,0,0,0,0,0,0,0
474,12.3295682235,76.2646868489,36.0924708823,0,0,0,0,0,0,0
475,37.269652277,70.4921209631,35.6223503626,0,0,0,0,0,0,0
476,51.3755086104,53.1569754783,44.5280780742,0,0,0,0,0,0,0
477,90.6310679001,18.1108361851,7.35410238708,0,0,0,0,0,0,0
478,93.6667627322,21.8456563251,74.6864760089,0,0,0,0,0,0,0
479,6.3582393856,4.99072197581,9.7269738604,0,0,0,0,0,0,0
480,29.6808107095,27.4768275297,39.2073569041,0,0,0,0,0,0,0
481,83.9718675254,34.8329609015,48.4354769614,0,0,0,0,0,0,0
482,22.5047465075,78.94471467,98.449464252,0,0,0,0,0,0,0
483,47.5595483191,43.9430244377,13.7351603253,0,0,0,0,0,0,0
484,98.6761322214,75.8421788786,31.5655113158,0,0,0,0,0,0,0
485,84.5473742445,53.6159582906,23.3868775799,0,0,0,0,0,0,0
486,44.4682453449,22.9040199892,89.5553811377,0,0,0,0,0,0,0
487,0.646945715424,43.7048327424,21.881113866,0,0,0,0,0,0,0
488,32.3744893055,35.4826260387,27.2289249812,0,0,0,0,0,0,0
489,54.0380743478,81.7566096272,11.9932370842,0,0,0,0,0,0,0
490,61.0914527542,40.3143574648,8.70476159156,0,0,0,0,0,0,0
491,73.3538667778,93.2629465881,56.4467131027,0,0,0,0,0,0,0
492,63.8325049372,79.7880677199,46.4475677482,0,0,0,0,0,0,0
493,89.9067010936,28.0833809116,79.6348619732,0,0,0,0,0,0,0
494,78.4206288323,13.5636437623,57.1813916706,0,0,0,0,0,0,0
495,68.3855479322,0.0126757203966,3.27166002789,0,0,0,0,0,0,0
496,32.2493198529,89.0947125689,69.7870446487,0,0,0,0,0,0,0
497,76.8720506632,20.9471341766,92.6163638886,0,0,0,0,0,0,0
498,36.1752531962,75.3195902002,2.48091534379,0,0,0,0,0,0,0
499,80.3835535706,6.02064527697,88.9044364419,0,0,0,0,0,0,0
500,1.87219073895,2.28421192009,7.62429446045,0,0,0,0,0,0,0
501,11.0527904336,63.7063517791,72.0768253749,0,0,0,0,0,0,0
502,2.66960085028,82.6108383377,86.3978752742,0,0,0,0,0,0,0
503,42.634875366,37.7490199753,88.6117271135,0,0,0,0,0,0,0
504,11.6870175345,30.2915791007,52.9539065896,0,0,0,0,0,0,0
505,34.0216370326,97.6664556087,37.8339153717,0,0,0,0,0,0,0
506,71.1513044907,9.99056426816,58.8577625495,0,0,0,0,0,0,0
507,31.0110172684,95.4168360913,11.7201936267,0,0,0,0,0,0,0
508,47.1890069869,20.7968745966,57.5221396817,0,0,0,0,0,0,0
509,19.6897434144,10.4740668094,31.0289890756,0,0,0,0,0,0,0
510,1.53080040376,38.7442170331,32.6814244671,0,0,0,0,0,0,0
511,30.8335333996,82.6563992458,78.5404802549,0,0,0,0,0,0,0
512,65.060673527,42.512640336,39.627172772,0,0,0,0,0,0,0
513,18.5393585906,16.6931202948,67.2289650031,0,0,0,0,0,0,0
514,79.1448887114,21.4089718289,25.7491246747,0,0,0,0,0,0,0
515,96.1769178162,84.2631469495,84.1863322116,0,0,0,0,0,0,0
516,28.303465055,81.7381633905,83.2425809993,0,0,0,0,0,0,0
517,21.3992568444,60.5784522308,18.1398996239,0,0,0,0,0,0,0
518,3.86826304536,81.4712209135,32.2605102568,0,0,0,0,0,0,0
519,84.4752195167,12.0845871593,55.2696641014,0,0,0,0,0,0,0
520,94.1610370713,13.4968939862,23.7573785605,0,0,0,0,0,0,0
521,23.8943687804,54.8437307851,42.2938425546,0,0,0,0,0,0,0
522,74.3482260987,1.18686467925,79.6380222286,0,0,0,0,0,0,0
523,52.5566769279,76.5841217432,69.8237311905,0,0,0,0,0,0,0
524,56.0711696801,96.3498943159,33.1997585583,0,0,0,0,0,0,0
525,75.0797646307,17.360503494,59.5170447005,0,0,0,0,0,0,0
526,53.1428969582,2.38845472496,16.746323145,0,0,0,0,0,0,0
527,71.5948155235,60.9722560271,40.1814997487,0,0,0,0,0,0,0
528,63.5299764021,86.8189042664,15.472444664,0,0,0,0,0,0,0
529,44.4579512968,2.49266441948,84.4778247847,0,0,0,0,0,0,0
530,99.9281330995,55.7550462644,63.0460684657,0,0,0,0,0,0,0
531,80.1725971258,74.0712355212,14.3796512586,0,0,0,0,0,0,0
532,48.3850641373,99.7400153034,98.1563572049,0,0,0,0,0,0,0
533,85.733501762,33.0457434643,4.06415895975,0,0,0,0,0,0,0
534,62.792740019,91.7105366479,74.5353160146,0,0,0,0,0,0,0
535,11.5634538649,32.4063101111,42.0181056892,0,0,0,0,0,0,0
536,74.0661545884,30.092176358,37.3379816166,0,0,0,0,0,0,0
537,8.37979540218,12.3324827688,94.755550121,0,0,0,0,0,0,0
538,24.1856222982,31.4072224756,9.85952075482,0,0,0,0,0,0,0
539,17.760515956,62.1884232411,11.1145430733,0,0,0,0,0,0,0
540,95.8028336539,85.1646789159,73.8031113708,0,0,0,0,0,0,0
541,92.5784445359,67.9742797873,60.7082083344,0,0,0,0,0,0,0
542,23.6804328365,5.22298359262,63.7082090541,0,0,0,0,0,0,0
543,47.2063124534,80.2158590894,68.9049364728,0,0,0,0,0,0,0
544,35.8230678292,98.788039182,4.21667049912,0,0,0,0,0,0,0
545,80.0266544883,95.3861694068,94.6759935877,0,0,0,0,0,0,0
546,91.682872889,49.6990585061,78.602786891,0,0,0,0,0,0,0
547,2.18299977589,80.3710015345,86.4094321738,0,0,0,0,0,0,0
548,82.8515703355,77.6251108425,11.524286439,0,0,0,0,0,0,0
549,34.1658931137,56.3883806432,39.2774083741,0,0,0,0,0,0,0
550,93.1602050503,18.2702949374,23.8234631954,0,0,0,0,0,0,0
551,34.5752642684,56.0135780505,25.8063418421,0,0,0,0,0,0,0
552,35.311559058,22.737186393,96.6607251488,0,0,0,0,0,0,0
553,33.9895748681,92.4862262944,63.1808682502,0,0,0,0,0,0,0
554,13.1338615247,97.2288274516,64.1498945682,0,0,0,0,0,0,0
555,43.5547129917,45.6562593046,26.8640258072,0,0,0,0,0,0,0
556,60.4418004706,18.2969965505,53.3815677421,0,0,0,0,0,0,0
557,28.2037760599,62.298561696,52.4471219665,0,0,0,0,0,0,0
558,49.8596784516,32.4758250721,67.5265641731,0,0,0,0,0,0,0
559,67.6658619135,15.462681978,52.5268263184,0,0,0,0,0,0,0
560,24.5238123464,52.2787693292,83.2920855142,0,0,0,0,0,0,0
561,19.7284565096,97.7639873983,28.404887786,0,0,0,0,0,0,0
562,74.245213269,59.2269406209,41.6224556627,0,0,0,0,0,0,0
563,11.5359983662,9.55928347367,90.2471330837,0,0,0,0,0,0,0
564,4.3815857943,22.3219133815,54.5731213938,0,0,0,0,0,0,0
565,16.3570658059,7.20976868217,27.5149775227,0,0,0,0,0,0,0
566,65.7411481574,93.7701600686,26.8084630706,0,0,0,0,0,0,0
567,35.8004255451,70.6402985472,30.1789915084,0,0,0,0,0,0,0
568,18.2508561946,87.5071803424,89.1759679479,0,0,0,0,0,0,0
569,18.9131624135,15.8168220395,18.8628186636,0,0,0,0,0,0,0
570,82.5783956379,77.4343703333,12.8533717761,0,0,0,0,0,0,0
571,83.2536783051,28.1111762962,79.9365144883,0,0,0,0,0,0,0
572,4.48656373675,29.1632131842,83.2989309655,0,0,0,0,0,0,0
573,99.4527611738,93.6490152426,92.747929597,0,0,0,0,0,0,0
574,13.2398908772,80.065367324,11.6378735225,0,0,0,0,0,0,0
575,88.8958075594,12.9442740488,93.0942131886,0,0,0,0,0,0,0
576,32.2439707322,38.1964249581,87.761946488,0,0,0,0,0,0,0
577,92.7572943778,1.70184807202,72.3318561021,0,0,0,0,0,0,0
578,77.162633175,96.1991972387,58.3180384205,0,0,0,0,0,0,0
579,15.9718294296,89.856587238,8.08791980136,0,0,0,0,0,0,0
580,38.4026316657,37.9776978156,48.1686620992,0,0,0,0,0,0,0
581,21.3470045588,92.37464093,16.7887519759,0,0,0,0,0,0,0
582,50.257134804,42.307699816,80.2145427265,0,0,0,0,0,0,0
583,24.4377596739,23.7197888615,78.7125459207,0,0,0,0,0,0,0
584,82.4445728977,8.64116751205,40.3275106913,0,0,0,0,0,0,0
585,80.9323057385,46.2741762807,95.7833828725,0,0,0,0,0,0,0
586,60.7882096587,28.5437766832,38.6300483594,0,0,0,0,0,0,0
587,22.4211324182,98.5103882844,46.2037752582,0,0,0,0,0,0,0
588,44.5484742285,58.0401404447,53.7959171407,0,0,0,0,0,0,0
589,36.5294364569,68.3772888733,70.0184970877,0,0,0,0,0,0,0
590,45.7870469979,2.67651675008,96.7348753211,0,0,0,0,0,0,0
591,27.2061246732,54.1360913296,38.5730578906,0,0,0,0,0,0,0
592,38.9460907701,31.3875694459,6.04894885127,0,0,0,0,0,0,0
593,53.1066053866,64.5867042543,54.4020834635,0,0,0,0,0,0,0
594,42.238057696,71.9683439446,20.4422429657,0,0,0,0,0,0,0
595,76.5789681528,68.7954237838,59.2748598301,0,0,0,0,0,0,0
596,80.7024626978,82.7127945139,0.596988689359,0,0,0,0,0,0,0
597,0.493279800674,37.6010613549,72.3521530796,0,0,0,0,0,0,0
598,20.714539094,79.755617473,84.8401511007,0,0,0,0,0,0,0
599,38.0620537098,98.1798129543,0.605084112917,0,0,0,0,0,0,0
600,91.2186376804,59.6034146627,43.562126962,0,0,0,0,0,0,0
601,98.2859452834,11.3814090416,42.0968408762,0,0,0,0,0,0,0
602,53.4077758464,5.45876093594,4.9705008269,0,0,0,0,0,0,0
603,58.0073882876,77.9731538802,39.1707387376,0,0,0,0,0,0,0
604,91.4255009524,59.0098113301,90.2712665071,0,0,0,0,0,0,0
605,1.49183798951,45.3140485302,82.9358450107,0,0,0,0,0,0,0
606,59.9619675249,41.5493133433,94.505623519,0,0,0,0,0,0,0
607,58.3765279278,69.9192358741,4.18841944201,0,0,0,0,0,0,0
608,92.0218468438,20.6251223977,45.4153657524,0,0,0,0,0,0,0
609,30.4318446096,87.8215972752,44.3362466209,0,0,0,0,0,0,0
610,21.1119940636,73.5263197709,83.0943664697,0,0,0,0,0,0,0
611,93.2628572844,2.97295540205,44.9885719049,0,0,0,0,0,0,0
612,87.4831063921,66.9546275642,25.8120692801,0,0,0,0,0,0,0
613,3.87632427332,28.354655943,8.47925998822,0,0,0,0,0,0,0
614,94.4707404444,82.7782845424,41.6702822868,0,0,0,0,0,0,0
615,68.3629632949,76.4282778186,55.4695280829,0,0,0,0,0,0,0
616,94.2608439565,42.7283195218,44.341108425,0,0,0,0,0,0,0
617,97.3477439839,99.1671630715,85.1364354649,0,0,0,0,0,0,0
618,93.9395578908,80.1252952315,84.7441775168,0,0,0,0,0,0,0
619,92.2776825535,68.8329452669,0.6867105228,0,0,0,0,0,0,0
620,73.9044620706,18.6797582744,90.1746325373,0,0,0,0,0,0,0
621,15.9919654393,14.3639469222,24.9890345581,0,0,0,0,0,0,0
622,15.7055940364,52.3244824262,74.7294219609,0,0,0,0,0,0,0
623,81.5496885437,71.8795501477,25.4221540467,0,0,0,0,0,0,0
624,81.272659279,93.3023055471,61.0486824554,0,0,0,0,0,0,0
625,43.4944959361,95.9998803884,17.0631163562,0,0,0,0,0,0,0
626,26.6938798003,96.2392863287,41.0005804146,0,0,0,0,0,0,0
627,26.1915397924,32.8544044908,0.132578253299,0,0,0,0,0,0,0
628,98.7721108386,76.153085681,64.067443874,0,0,0,0,0,0,0
629,47.247563357,8.32078909018,96.9438189354,0,0,0,0,0,0,0
630,50.5155293641,94.9195557011,22.9522753588,0,0,0,0,0,0,0
631,33.7447736679,56.2561736051,42.8192314017,0,0,0,0,0,0,0
632,10.9725607087,1.87709997663,27.1190618586,0,0,0,0,0,0,0
633,93.902543851,9.98394052968,34.8197874781,0,0,0,0,0,0,0
634,5.08777216321,98.4640823993,36.2548259309,0,0,0,0,0,0,0
635,59.8176339155,49.9662383917,53.5273653325,0,0,0,0,0,0,0
636,94.272787802,64.8830296808,95.7617357186,0,0,0,0,0,0,0
637,60.6326849123,68.1253435356,27.5716099408,0,0,0,0,0,0,0
638,56.3127122041,95.1678929122,0.494877902787,0,0,0,0,0,0,0
639,72.5175284275,97.7112444643,32.9694585727,0,0,0,0,0,0,0
640,18.0854805686,25.2258907568,22.0385994717,0,0,0,0,0,0,0
641,36.0956559473,70.8035034814,85.3780892603,0,0,0,0,0,0,0
642,70.2121832474,55.977495588,25.951745408,0,0,0,0,0,0,0
643,64.5675921015,26.07740161,87.1054537272,0,0,0,0,0,0,0
644,57.6460489118,1.62439123855,96.1467260453,0,0,0,0,0,0,0
645,5.60894788977,10.5390629492,23.2777524303,0,0,0,0,0,0,0
646,28.8224799146,88.956153686,41.1666476759,0,0,0,0,0,0,0
647,27.9398913397,13.4977860734,94.8835215283,0,0,0,0,0,0,0
648,36.9705489628,95.2174005711,1.75270882623,0,0,0,0,0,0,0
649,0.762315132815,80.2882776847,82.5016570015,0,0,0,0,0,0,0
650,91.0198482154,45.5936511727,20.874909146,0,0,0,0,0,0,0
651,56.6355502068,0.641524557163,25.7547394627,0,0,0,0,0,0,0
652,60.2866251222,77.7327945356,96.3556010365,0,0,0,0,0,0,0
653,77.4311479741,68.8493868527,74.711649621,0,0,0,0,0,0,0
654,58.2448294203,22.3010405743,61.1613163856,0,0,0,0,0,0,0
655,28.7078565194,58.3025215052,51.0965616274,0,0,0,0,0,0,0
656,42.3890347478,83.077965929,78.0764735686,0,0,0,0,0,0,0
657,25.0696277844,29.3630616403,52.5204159753,0,0,0,0,0,0,0
658,2.85236154183,77.3914944397,89.9884855979,0,0,0,0,0,0,0
659,51.5313682108,84.9182440712,36.3241479543,0,0,0,0,0,0,0
660,91.0697798333,16.8590159155,8.36161620963,0,0,0,0,0,0,0
661,83.9738242361,3.93526424692,45.9180392859,0,0,0,0,0,0,0
662,93.0500903303,12.3604754242,85.3730399263,0,0,0,0,0,0,0
663,69.3084214454,9.11136177543,45.7576720141,0,0,0,0,0,0,0
664,41.1786057948,68.466091962,8.83204341157,0,0,0,0,0,0,0
665,46.7381408755,0.222394680977,1.72564699781,0,0,0,0,0,0,0
666,78.8690852715,48.348911758,19.3711221164,0,0,0,0,0,0,0
667,87.2871202779,0.832954509992,87.0595756068,0,0,0,0,0,0,0
668,53.8299645898,20.4475204646,4.19781674417,0,0,0,0,0,0,0
669,60.8735887579,97.1046010231,87.321407446,0,0,0,0,0,0,0
670,70.5667813878,87.8984237521,64.9871855178,0,0,0,0,0,0,0
671,58.5014369429,41.5495152984,50.215040335,0,0,0,0,0,0,0
672,1.72910959818,27.5728394351,4.52543649002,0,0,0,0,0,0,0
673,30.3565390473,67.625764664,11.5271829813,0,0,0,0,0,0,0
674,61.7665326851,14.1500625296,27.8577481968,0,0,0,0,0,0,0
675,70.3357103251,96.0914115986,84.0782601189,0,0,0,0,0,0,0
676,77.018514128,31.0923934496,41.636134305,0,0,0,0,0,0,0
677,44.8585822395,53.6366147595,55.5400216232,0,0,0,0,0,0,0
678,82.0177405053,11.072160083,28.3132864985,0,0,0,0,0,0,0
679,20.8080364471,22.3075026101,31.0382289848,0,0,0,0,0,0,0
680,49.7922315627,28.7416760908,36.4680158398,0,0,0,0,0,0,0
681,40.8261941464,83.3842345908,80.5387903324,0,0,0,0,0,0,0
682,4.37844875412,34.3309449312,82.222293002,0,0,0,0,0,0,0
683,98.4145907537,85.2326980215,94.8320407769,0,0,0,0,0,0,0
684,78.3003993812,39.5271653377,52.7928004581,0,0,0,0,0,0,0
685,88.8382621069,66.4919095471,90.0734230274,0,0,0,0,0,0,0
686,92.6960690699,14.658307331,16.7128385177,0,0,0,0,0,0,0
687,40.2766860571,3.84269222932,7.47664306431,0,0,0,0,0,0,0
688,39.2891029838,84.9116348158,46.2342943285,0,0,0,0,0,0,0
689,4.34001778862,87.8490267514,60.3292622957,0,0,0,0,0,0,0
690,25.4901616591,60.3336439823,59.6664157776,0,0,0,0,0,0,0
691,25.5368602691,34.1364994655,4.02591869588,0,0,0,0,0,0,0
692,85.8039493793,58.7607955972,17.5755412371,0,0,0,0,0,0,0
693,32.6295989989,25.9144069001,22.9919114297,0,0,0,0,0,0,0
694,16.0646331252,77.0353351769,86.4196031023,0,0,0,0,0,0,0
695,16.8714729991,46.7538155275,45.4800550991,0,0,0,0,0,0,0
696,71.638036715,1.55733980656,41.0915216488,0,0,0,0,0,0,0
697,93.1606167029,5.27069370892,95.4216050243,0,0,0,0,0,0,0
698,81.9412349871,40.8216806741,72.2681807979,0,0,0,0,0,0,0
699,93.7260816436,17.3446852298,57.4052803649,0,0,0,0,0,0,0
700,93.7506387691,23.952594866,60.5475691595,0,0,0,0,0,0,0
701,1.7688142745,21.6202355995,1.80434966705,0,0,0,0,0,0,0
702,15.4968544265,41.4495907847,2.5156996591,0,0,0,0,0,0,0
703,97.5613458593,14.1080953228,48.2850702509,0,0,0,0,0,0,0
704,30.2608730244,31.9793238344,82.0895607167,0,0,0,0,0,0,0
705,55.136944948,37.7455240854,0.438031129077,0,0,0,0,0,0,0
706,76.3514603216,41.898689241,92.614035487,0,0,0,0,0,0,0
707,97.9801151827,10.4538469336,18.6794726971,0,0,0,0,0,0,0
708,41.5962883103,65.6580746071,21.3488130135,0,0,0,0,0,0,0
709,41.7743285788,8.06079951772,84.1579691324,0,0,0,0,0,0,0
710,96.6007913663,83.37703218,21.9642330186,0,0,0,0,0,0,0
711,85.4750129928,89.4204589155,13.0660266622,0,0,0,0,0,0,0
712,15.3319347851,36.225873175,8.81203285497,0,0,0,0,0,0,0
713,7.20134905618,40.76527027,93.1327152525,0,0,0,0,0,0,0
714,21.0521941025,94.0120640712,45.9265623072,0,0,0,0,0,0,0
715,66.0988123983,61.9938460033,38.1076626828,0,0,0,0,0,0,0
716,69.6044159038,81.9205015147,7.23088673605,0,0,0,0,0,0,0
717,16.3374294631,6.08833261995,87.1701063357,0,0,0,0,0,0,0
718,9.10613280741,50.2048619597,17.9637013935,0,0,0,0,0,0,0
719,54.3286343698,33.5666936642,56.8977234011,0,0,0,0,0,0,0
720,24.2188287473,16.5760824816,48.6436156325,0,0,0,0,0,0,0
721,72.3851999074,20.4408269361,8.92613756867,0,0,0,0,0,0,0
722,8.15635528772,81.5752782629,1.74909813344,0,0,0,0,0,0,0
723,8.70372068926,14.8664968906,47.0773749339,0,0,0,0,0,0,0
724,94.0506090707,28.9147231685,18.0520995958,0,0,0,0,0,0,0
725,29.891053505,83.0086998847,23.1177318525,0,0,0,0,0,0,0
726,80.9675164055,29.0219986128,22.9117978749,0,0,0,0,0,0,0
727,65.4941009535,60.229745651,33.3455693058,0,0,0,0,0,0,0
728,86.4996509001,80.932084913,23.4141147377,0,0,0,0,0,0,0
729,24.6929671012,90.3929473018,46.9594234853,0,0,0,0,0,0,0
730,78.1565172644,88.5445386402,64.4732500022,0,0,0,0,0,0,0
731,5.44792199509,37.8855008122,9.58936107143,0,0,0,0,0,0,0
732,28.8230792348,47.4051503544,83.7944114922,0,0,0,0,0,0,0
733,20.4260907055,25.3714514703,65.5815691838,0,0,0,0,0,0,0
734,97.2191645255,27.9030137406,58.6804807556,0,0,0,0,0,0,0
735,67.6929230118,92.4828910922,57.0522210384,0,0,0,0,0,0,0
736,32.7061475936,0.92178351913,43.6512181347,0,0,0,0,0,0,0
737,33.6489824511,87.5509629296,93.177623031,0,0,0,0,0,0,0
738,67.9821197304,47.7487462239,73.5733175467,0,0,0,0,0,0,0
739,6.35558663938,3.95546462271,90.2077973565,0,0,0,0,0,0,0
740,6.7899724202,21.9036516644,19.252854227,0,0,0,0,0,0,0
741,64.7433346797,16.5340339286,64.1171301904,0,0,0,0,0,0,0
742,9.99334412046,95.1361834607,61.2769528384,0,0,0,0,0,0,0
743,72.0003298214,41.8625588357,89.992115246,0,0,0,0,0,0,0
744,15.1732168826,64.6100697927,18.1973887064,0,0,0,0,0,0,0
745,52.3180661416,52.9465123578,17.8356543057,0,0,0,0,0,0,0
746,76.6316041192,15.18212935,68.2134855511,0,0,0,0,0,0,0
747,0.938948198939,81.3186323662,49.5181634645,0,0,0,0,0,0,0
748,55.1786899529,96.1903842533,0.17845422252,0,0,0,0,0,0,0
749,40.9747167267,14.3437623321,13.4093474064,0,0,0,0,0,0,0
750,40.0358156588,95.1828240892,50.7197284848,0,0,0,0,0,0,0
751,36.8821390996,63.9311495378,72.1547786568,0,0,0,0,0,0,0
752,99.7081146473,60.6221752153,73.4599838825,0,0,0,0,0,0,0
753,76.9127600474,97.2970144189,32.4402648778,0,0,0,0,0,0,0
754,19.7749282864,57.4227756674,80.9532978678,0,0,0,0,0,0,0
755,20.3347905697,73.0729467414,63.0566135973,0,0,0,0,0,0,0
756,51.7728226648,80.6491056425,36.5413365066,0,0,0,0,0,0,0
757,16.4583790473,2.10863467379,41.5706425089,0,0,0,0,0,0,0
758,24.673557639,75.5121033056,80.5464534177,0,0,0,0,0,0,0
759,23.0418979991,43.767556527,38.2891602962,0,0,0,0,0,0,0
760,30.2002904516,4.3641430335,20.9670517349,0,0,0,0,0,0,0
761,81.0078732317,31.4486939178,3.30222534879,0,0,0,0,0,0,0
762,46.3231457562,67.0223409549,8.2725236682,0,0,0,0,0,0,0
763,5.3925452998,61.3051452883,45.1954986425,0,0,0,0,0,0,0
764,51.2538239394,70.048357306,33.322815488,0,0,0,0,0,0,0
765,62.7545902235,42.8996389588,58.5296891127,0,0,0,0,0,0,0
766,57.775606728,39.6740176892,38.0932912983,0,0,0,0,0,0,0
767,85.9495988611,27.8618113742,54.7627281606,0,0,0,0,0,0,0
768,51.4838896957,51.8309413957,12.6285396662,0,0,0,0,0,0,0
769,60.0354767372,95.3834751691,76.5784875035,0,0,0,0,0,0,0
770,73.9366369262,72.8215847882,1.28660235695,0,0,0,0,0,0,0
771,96.6080031258,81.9239077558,82.9658746664,0,0,0,0,0,0,0
772,99.4874351779,20.7643595711,94.138887743,0,0,0,0,0,0,0
773,77.2101121554,52.6486864709,78.3726043842,0,0,0,0,0,0,0
774,29.273962801,70.7912213218,46.3496496062,0,0,0,0,0,0,0
775,8.11904477944,19.0218858531,84.5258270525,0,0,0,0,0,0,0
776,77.9733315269,67.6188415123,4.41299544328,0,0,0,0,0,0,0
777,38.290263415,71.3484184299,77.0192652212,0,0,0,0,0,0,0
778,1.34161077407,75.7555508945,28.8626112783,0,0,0,0,0,0,0
779,57.0254875706,56.0801581872,69.5512887321,0,0,0,0,0,0,0
780,46.0821208545,89.8651798724,81.6612274437,0,0,0,0,0,0,0
781,74.0440200824,50.8437424962,28.4590140079,0,0,0,0,0,0,0
782,49.6597498329,65.4802764858,6.6855973221,0,0,0,0,0,0,0
783,35.7746839223,32.5650870568,91.7903199574,0,0,0,0,0,0,0
784,2.32329785896,99.9693223779,53.6243485104,0,0,0,0,0,0,0
785,61.4244130226,10.5254296924,39.614101466,0,0,0,0,0,0,0
786,20.0273498147,41.4817529558,78.6280740201,0,0,0,0,0,0,0
787,22.6100311294,87.7774349839,19.5045639657,0,0,0,0,0,0,0
788,2.95931133423,40.6230292178,83.784812658,0,0,0,0,0,0,0
789,54.8471940274,15.9171628978,81.05372906,0,0,0,0,0,0,0
790,90.0182198575,95.1512677032,89.9676184462,0,0,0,0,0,0,0
791,17.6947784167,0.310735554911,99.6476157154,0,0,0,0,0,0,0
792,60.5655572816,67.8321821452,8.44881383811,0,0,0,0,0,0,0
793,3.66482717362,33.1292997467,74.7316566496,0,0,0,0,0,0,0
794,37.6634796362,13.5583771974,88.1228571581,0,0,0,0,0,0,0
795,77.5194145915,96.4648294677,83.810629409,0,0,0,0,0,0,0
796,70.6976603474,96.2278279015,26.8048338231,0,0,0,0,0,0,0
797,89.9502897469,54.6186631933,28.3340057847,0,0,0,0,0,0,0
798,38.0795014801,9.40295424303,78.3962551148,0,0,0,0,0,0,0
799,2.7536049489,66.6302080794,97.9548513878,0,0,0,0,0,0,0
800,94.0272623066,5.88570017954,10.9486629148,0,0,0,0,0,0,0
801,13.1314578291,60.9907668691,10.6322048061,0,0,0,0,0,0,0
802,91.6949438539,75.7912767157,14.5633688375,0,0,0,0,0,0,0
803,84.018836451,41.5688178899,89.6095036564,0,0,0,0,0,0,0
804,68.5063663346,43.0960450932,10.1933631731,0,0,0,0,0,0,0
805,96.9958625841,19.2629173511,9.62879957096,0,0,0,0,0,0,0
806,33.1192422048,44.3042589314,30.186588551,0,0,0,0,0,0,0
807,58.6658826729,23.4887169282,1.91378001436,0,0,0,0,0,0,0
808,48.2865901066,41.917447092,33.0399372819,0,0,0,0,0,0,0
809,12.1689018048,74.4846068014,81.4718006224,0,0,0,0,0,0,0
810,16.9223791242,43.0400256009,54.008611698,0,0,0,0,0,0,0
811,9.11176148077,96.2860181682,70.1882381955,0,0,0,0,0,0,0
812,4.45893353237,59.483540327,86.61002366,0,0,0,0,0,0,0
813,4.16234571224,29.8995116329,0.576069661706,0,0,0,0,0,0,0
814,7.1734627948,19.2191654304,39.2135650429,0,0,0,0,0,0,0
815,22.8830049195,7.91477180407,43.4104455898,0,0,0,0,0,0,0
816,1.215354508,54.6485014673,66.4685891995,0,0,0,0,0,0,0
817,7.49932296926,16.4652905169,30.6759001845,0,0,0,0,0,0,0
818,25.1225344996,68.4063054977,9.88716592998,0,0,0,0,0,0,0
819,81.8300790781,47.8057383726,99.224759091,0,0,0,0,0,0,0
820,79.1058601694,40.4378570937,55.9992366955,0,0,0,0,0,0,0
821,33.1146299608,1.46357415688,2.44136901713,0,0,0,0,0,0,0
822,30.6170550218,13.9867014739,55.4884987525,0,0,0,0,0,0,0
823,28.7556247412,51.2121409457,26.3750413291,0,0,0,0,0,0,0
824,71.0666763121,43.3858976855,33.3538486033,0,0,0,0,0,0,0
825,85.3858569737,92.6469554135,52.638497015,0,0,0,0,0,0,0
826,12.9426404374,85.521501633,45.0276312453,0,0,0,0,0,0,0
827,68.8349299981,21.5441999147,58.7638640804,0,0,0,0,0,0,0
828,80.3438522341,24.7335768965,84.6825706953,0,0,0,0,0,0,0
829,58.6723099253,93.1244675946,86.9562524013,0,0,0,0,0,0,0
830,92.6655579791,46.7755131587,90.9549319897,0,0,0,0,0,0,0
831,57.8909547185,36.9053017315,65.0900957648,0,0,0,0,0,0,0
832,58.7296426944,63.5116316926,31.2730578814,0,0,0,0,0,0,0
833,62.0190154573,12.2984536057,57.3687908471,0,0,0,0,0,0,0
834,28.0756489917,4.90588008181,36.462113281,0,0,0,0,0,0,0
835,9.2385805613,43.406310937,48.7385168295,0,0,0,0,0,0,0
836,2.09150896678,21.9744741602,21.4977019314,0,0,0,0,0,0,0
837,14.6525162336,54.0665397268,77.8168322961,0,0,0,0,0,0,0
838,65.7322433554,90.5061594074,10.3582708574,0,0,0,0,0,0,0
839,60.2355387831,1.03116188091,26.5478213057,0,0,0,0,0,0,0
840,4.1675589634,19.0942437197,17.6476576886,0,0,0,0,0,0,0
841,20.515689656,66.8953485166,30.369438647,0,0,0,0,0,0,0
842,29.193551324,19.3098716073,72.0415850184,0,0,0,0,0,0,0
843,20.9529102367,86.6106678604,30.4911546914,0,0,0,0,0,0,0
844,13.4055810905,88.9386422385,98.8664612565,0,0,0,0,0,0,0
845,89.6918375372,9.34123972479,53.1259386564,0,0,0,0,0,0,0
846,17.6722139172,63.7421934534,3.78749422202,0,0,0,0,0,0,0
847,33.5473997045,15.5506226807,56.2903319776,0,0,0,0,0,0,0
848,46.2599566245,65.3482315183,39.1276959672,0,0,0,0,0,0,0
849,5.47876103509,97.9603772033,49.7236397891,0,0,0,0,0,0,0
850,57.4529890636,58.6054320888,1.74322199363,0,0,0,0,0,0,0
851,4.8019017117,32.2703971001,45.2916243876,0,0,0,0,0,0,0
852,4.07968129559,71.9055353528,16.2369726248,0,0,0,0,0,0,0
853,15.1122726833,38.4608682218,93.4063997807,0,0,0,0,0,0,0
854,59.5778760497,12.2937394413,24.6199332962,0,0,0,0,0,0,0
855,73.9285568319,60.3551129367,25.9539607442,0,0,0,0,0,0,0
856,59.1116919835,65.3415127772,47.0291074105,0,0,0,0,0,0,0
857,14.858536282,11.6077133686,65.3328377661,0,0,0,0,0,0,0
858,42.1920995171,10.20319636,59.6486755619,0,0,0,0,0,0,0
859,99.2247152624,57.6397202069,4.01764603553,0,0,0,0,0,0,0
860,55.9308925991,59.5679626694,0.022390100685,0,0,0,0,0,0,0
861,39.3472884915,21.624727587,55.2730063523,0,0,0,0,0,0,0
862,35.4497989194,27.524554658,24.8127196475,0,0,0,0,0,0,0
863,12.635631866,34.6624575808,25.5998758458,0,0,0,0,0,0,0
864,73.1036327327,33.2410475831,69.0682624563,0,0,0,0,0,0,0
865,40.7985327581,8.31615355432,25.5622819736,0,0,0,0,0,0,0
866,51.4003760828,95.3270619738,38.2164841867,0,0,0,0,0,0,0
867,16.4915296674,18.8063905774,59.7491602749,0,0,0,0,0,0,0
868,26.0401867774,52.3652855718,2.62343997333,0,0,0,0,0,0,0
869,10.2986909434,89.7316581893,84.1276127661,0,0,0,0,0,0,0
870,89.734011984,14.4952665898,81.8893181379,0,0,0,0,0,0,0
871,19.8026285647,77.2930359031,45.6180221962,0,0,0,0,0,0,0
872,27.7527886409,12.5951053411,62.8185352331,0,0,0,0,0,0,0
873,94.3066794021,27.5803924437,53.632891733,0,0,0,0,0,0,0
874,84.1787039031,99.7612677823,8.26394180348,0,0,0,0,0,0,0
875,87.567493355,39.7285531605,0.123671507075,0,0,0,0,0,0,0
876,70.972356163,78.5697624232,23.1461115739,0,0,0,0,0,0,0
877,40.2390584195,23.3239938431,15.6066566455,0,0,0,0,0,0,0
878,72.7685743873,62.6340408265,19.3150701958,0,0,0,0,0,0,0
879,0.744966861367,40.4002921761,46.6086669422,0,0,0,0,0,0,0
880,51.2406802461,40.8942313459,8.97689483163,0,0,0,0,0,0,0
881,51.9238720951,62.1245469391,52.1632095753,0,0,0,0,0,0,0
882,9.87044727043,8.77637971365,31.6255916503,0,0,0,0,0,0,0
883,71.0958646425,58.0668512874,70.5719287797,0,0,0,0,0,0,0
884,51.0056948363,13.0447289294,53.99870084,0,0,0,0,0,0,0
885,10.0769669258,81.2131969639,81.4546600946,0,0,0,0,0,0,0
886,15.9785798559,48.8363447612,26.0751520692,0,0,0,0,0,0,0
887,34.5693651108,72.9432731445,42.3329588073,0,0,0,0,0,0,0
888,67.8241277511,26.043286835,21.9496251404,0,0,0,0,0,0,0
889,63.9422565841,40.8365893753,24.0462490701,0,0,0,0,0,0,0
890,3.6323106432,31.7929946546,61.2901170341,0,0,0,0,0,0,0
891,41.7428945662,90.5418681379,75.5316959691,0,0,0,0,0,0,0
892,3.74935446321,3.76075108479,25.1195382737,0,0,0,0,0,0,0
893,85.9299933121,10.4929874184,0.636035021667,0,0,0,0,0,0,0
894,10.2732336636,61.5058143487,19.1588834379,0,0,0,0,0,0,0
895,78.9635940506,20.3441036081,86.1315823676,0,0,0,0,0,0,0
896,83.4564436416,33.3280375461,34.7089048191,0,0,0,0,0,0,0
897,14.1709652235,79.5949551511,64.8839499485,0,0,0,0,0,0,0
898,77.1086163088,73.3029458762,97.1933080706,0,0,0,0,0,0,0
899,33.9328711463,66.6298548905,34.9050791832,0,0,0,0,0,0,0
900,72.0067000713,51.1172242829,70.1289455192,0,0,0,0,0,0,0
901,50.6722948487,72.3164980595,67.155742835,0,0,0,0,0,0,0
902,89.2085918798,7.67577147475,79.4332210977,0,0,0,0,0,0,0
903,23.6829070787,7.75056322597,25.7346763322,0,0,0,0,0,0,0
904,98.6281505112,25.5102008571,57.3803389222,0,0,0,0,0,0,0
905,31.0144989657,27.6366518192,88.3519049585,0,0,0,0,0,0,0
906,70.3198980636,87.8331569007,11.5517793629,0,0,0,0,0,0,0
907,72.1824324643,96.5934576213,75.3921541348,0,0,0,0,0,0,0
908,81.1296371561,86.9052149763,86.2813602845,0,0,0,0,0,0,0
909,48.8291775007,28.6622861535,81.7897860145,0,0,0,0,0,0,0
910,78.4555951652,35.8882519385,77.5764846502,0,0,0,0,0,0,0
911,23.8296031241,31.233768034,38.5533360901,0,0,0,0,0,0,0
912,60.0264374728,52.5025242426,1.48442924166,0,0,0,0,0,0,0
913,71.6421405772,4.25554752287,37.6805696735,0,0,0,0,0,0,0
914,31.9873835844,67.040860181,80.8168602139,0,0,0,0,0,0,0
915,45.800864368,43.958390202,79.9619269591,0,0,0,0,0,0,0
916,12.8767421436,28.3577057488,65.6423544962,0,0,0,0,0,0,0
917,89.9714268997,50.691483258,40.9218940315,0,0,0,0,0,0,0
918,13.9770979152,73.4770389126,97.1987657778,0,0,0,0,0,0,0
919,61.724501798,24.9761289659,27.5009902479,0,0,0,0,0,0,0
920,45.615808605,80.0137613663,61.0914923401,0,0,0,0,0,0,0
921,2.36852564536,67.0892692797,98.6079192787,0,0,0,0,0,0,0
922,66.5663492984,64.7248123094,64.724016725,0,0,0,0,0,0,0
923,25.1061340159,6.23297241548,71.6700106116,0,0,0,0,0,0,0
924,4.1949644411,0.884409969174,82.0331771949,0,0,0,0,0,0,0
925,87.2308408542,91.7037257893,29.6571949931,0,0,0,0,0,0,0
926,90.4993063341,39.9151807306,66.4161272608,0,0,0,0,0,0,0
927,63.4682218161,13.1737174271,53.5858735146,0,0,0,0,0,0,0
928,63.3244782778,70.0667468896,45.7476716141,0,0,0,0,0,0,0
929,92.9043348463,8.85633615056,97.7237090525,0,0,0,0,0,0,0
930,52.9449437771,48.794849416,70.1053653674,0,0,0,0,0,0,0
931,39.6224991814,95.5241389293,55.7928309928,0,0,0,0,0,0,0
932,32.8669987503,97.8277934744,23.9992809564,0,0,0,0,0,0,0
933,29.3805215139,90.2219367838,95.388890581,0,0,0,0,0,0,0
934,28.9023947851,83.8734492082,53.8546000141,0,0,0,0,0,0,0
935,21.7326563465,51.8038886186,57.1561316149,0,0,0,0,0,0,0
936,33.410539549,72.9650971335,88.0400353305,0,0,0,0,0,0,0
937,83.5096407048,53.2770606395,36.383549471,0,0,0,0,0,0,0
938,87.1870782977,72.1457103383,44.2740938426,0,0,0,0,0,0,0
939,29.215294082,16.7934182758,29.2081574216,0,0,0,0,0,0,0
940,87.4361988525,46.8099243006,33.8714485814,0,0,0,0,0,0,0
941,16.7758950208,22.9379526669,74.7446975266,0,0,0,0,0,0,0
942,67.2687258618,97.7689057373,74.4698287603,0,0,0,0,0,0,0
943,7.75197970338,0.408884341445,97.3088335316,0,0,0,0,0,0,0
944,72.4454375201,48.5219174351,44.5336375209,0,0,0,0,0,0,0
945,77.9316037871,64.6613002703,15.9428650877,0,0,0,0,0,0,0
946,75.1026418933,62.1619488078,35.2616266309,0,0,0,0,0,0,0
947,47.5127256833,92.788598248,62.3865087083,0,0,0,0,0,0,0
948,81.6516976302,63.5786795064,33.3353650684,0,0,0,0,0,0,0
949,7.34361948544,70.4142902214,70.4422178605,0,0,0,0,0,0,0
950,44.9233702735,92.1386603311,53.5266462104,0,0,0,0,0,0,0
951,31.5179792673,96.0467426575,50.6573891521,0,0,0,0,0,0,0
952,87.5038889369,23.224096245,25.9777233339,0,0,0,0,0,0,0
953,64.7676811273,86.1224586509,27.7639643166,0,0,0,0,0,0,0
954,21.3063537688,66.9833984247,83.5679706952,0,0,0,0,0,0,0
955,56.5183959547,38.8740047606,55.5559664517,0,0,0,0,0,0,0
956,23.6510306172,18.3646965007,58.2791183469,0,0,0,0,0,0,0
957,82.2866558037,18.7093904465,90.8537986137,0,0,0,0,0,0,0
958,5.71132869934,39.1861438365,68.1033337064,0,0,0,0,0,0,0
959,39.3058586128,77.9209843404,77.1540031904,0,0,0,0,0,0,0
960,98.6656970965,22.777605959,53.730404382,0,0,0,0,0,0,0
961,77.7935586897,77.7007518892,44.3520529851,0,0,0,0,0,0,0
962,70.5841047641,61.4574988347,44.8140704255,0,0,0,0,0,0,0
963,47.7294785374,1.36146277871,38.421840103,0,0,0,0,0,0,0
964,56.80315173,57.3256184687,40.5305748491,0,0,0,0,0,0,0
965,26.6900551333,7.03856164266,36.8967756464,0,0,0,0,0,0,0
966,82.8697857126,89.739455058,80.9251329732,0,0,0,0,0,0,0
967,25.7629856006,25.2069258514,13.4333385603,0,0,0,0,0,0,0
968,50.7081498487,49.5199717766,51.9142343038,0,0,0,0,0,0,0
969,68.1980782304,61.0303917972,32.7369588667,0,0,0,0,0,0,0
970,93.6149688681,5.74180061212,84.2111350264,0,0,0,0,0,0,0
971,50.67705214,12.6911663232,11.551294271,0,0,0,0,0,0,0
972,56.6143998571,22.6059620505,40.0313629698,0,0,0,0,0,0,0
973,12.5543453291,9.16701473375,1.87102004583,0,0,0,0,0,0,0
974,32.4856970486,53.0124251497,40.2756292043,0,0,0,0,0,0,0
975,63.4462498238,15.2529668772,85.9787062278,0,0,0,0,0,0,0
976,1.79206298828,60.3143986302,9.48273568871,0,0,0,0,0,0,0
977,65.1492348133,45.5010987493,47.0162988676,0,0,0,0,0,0,0
978,91.5085321378,6.00127525263,25.9488947035,0,0,0,0,0,0,0
979,46.4708028575,35.9203774464,33.5290019382,0,0,0,0,0,0,0
980,84.1116283823,84.1676753435,43.9403391008,0,0,0,0,0,0,0
981,18.8764295584,43.6517954517,13.3396772388,0,0,0,0,0,0,0
982,43.2438520096,93.7757145494,40.4245376655,0,0,0,0,0,0,0
983,37.0221221963,36.3240419207,14.8106396928,0,0,0,0,0,0,0
984,50.8088976016,13.7626217193,99.2083352553,0,0,0,0,0,0,0
985,40.3868888711,81.0872214134,2.29697169962,0,0,0,0,0,0,0
986,69.83227637,35.516654252,78.5199756043,0,0,0,0,0,0,0
987,75.9483492009,99.2468712049,24.1024792974,0,0,0,0,0,0,0
988,67.4455493974,56.4469555326,96.1256856657,0,0,0,0,0,0,0
989,89.403393515,38.9486662116,89.9390425123,0,0,0,0,0,0,0
990,0.183494065101,73.544265116,72.7953419896,0,0,0,0,0,0,0
991,51.5667987516,29.026547399,92.200071744,0,0,0,0,0,0,0
992,70.1073660587,56.8836678417,71.42708839,0,0,0,0,0,0,0
993,86.8554547277,26.4874248019,53.6365383547,0,0,0,0,0,0,0
994,23.5962453226,5.75319699081,0.254896773454,0,0,0,0,0,0,0
995,76.2039842838,6.10413348359,1.61947134489,0,0,0,0,0,0,0
996,82.5099792641,30.2399298647,9.25683573873,0,0,0,0,0,0,0
997,75.6139040709,28.1749919232,31.360745113,0,0,0,0,0,0,0
998,60.3908710538,19.6489859995,51.2633877561,0,0,0,0,0,0,0
999,46.0058994346,54.6652826278,24.5893975917,0,0,0,0,0,0,0
